RMSE,fit_intercept,positive
69077.32049039399,True,False
69166.43089909128,False,False
72588.90534812959,True,True
72667.76100404409,False,True
