Score,C,kernel
0.9274000000000001,0.001,linear
0.9147333333333332,0.1,linear
0.9069333333333333,1.0,linear
0.9069333333333333,10.0,linear
