Score,C,kernel
0.9069333333333333,10,linear
0.9069333333333333,25,linear
0.9069333333333333,50,linear
