RMSE,C,kernel
70284.23257720815,359178,linear
70284.40247414459,231932,linear
70284.42270821355,221958,linear
70285.12705908848,771155,linear
70285.62664698498,210268,linear
