RMSE,positive,fit_intercept
69077.32049039399,False,True
69166.43089909128,False,False
72588.90534812959,True,True
72667.76100404409,True,False
